{
  "Hi": "*💖HI*... *How are You..!*",
  "Good Morning": "*Good Morning 🌅*",
  "Good Night": "*Good Night..🌉*",
  "Bye": "*Bye bye....*",
  "Menika": "> *කවුද ඉතින් ඔයාගෙ මැණික ❤😘*",
  "owner": "*XION තමා ඉතිම් 🫀*",
  "Team": "ඇයි?..🐵",
  "link": "*බෑ 🌚🙌😂*",
  "Are you okay": "*He is Better*",
  "Fuck": "*Fuck you.😣*",
  "Kill": "*KILL YOU.🔪*",
  "Hmm": "> *මොකඩ හ්ම්ම් ගාන්නෙ ම්ම්ම්.🌚*",
  "❤️": "*NO LOVERS 😅*",
  "Umma": "*💋 YES*",
  "love": "*FUCK LOVE 💗😁*"
}
