{
  "Love": "chumi.webp",
  "Kauda me": "chumi.webp",
  "Hi": "cute.webp",
  "love you": "huh.webp",
  "yep": "huh.webp",
  "dj": "huh.webp",
  "pala": "huh.webp",
  "Ai": "huh.webp",
  "Moko": "huh.webp",
  "handsome": "huh.webp",
  "Ane": "huh.webp",
  "Lamayo": "cute.webp",
  "bbh": "cute.webp",
  "babu": "cute.webp",
  "aww": "cute.webp",
  "baby": "cute.webp",
  "cute": "cute.webp",
  "lassanay": "cute.webp",
  "Kewada": "ayain.webp",
  "Mk": "ayain.webp",
  "hi": "hello.webp",
  "hello": "hello.webp",
  "hy": "hello.webp",
  "bye": "hello.webp",
  "Gn": "ayain.webp"
}